<?xml version="1.0" encoding="UTF-8"?>
<project-private xmlns="http://www.netbeans.org/ns/project-private/1">
    <editor-bookmarks xmlns="http://www.netbeans.org/ns/editor-bookmarks/2" lastBookmarkId="0"/>
    <open-files xmlns="http://www.netbeans.org/ns/projectui-open-files/2">
        <group>
            <file>file:/Users/macbookair/Documents/Food/src/java/com/example/servlet/SearchProductServlet.java</file>
            <file>file:/Users/macbookair/Documents/Food/src/java/com/example/servlet/AddBalanceServlet.java</file>
            <file>file:/Users/macbookair/Documents/Food/src/java/com/example/admin/AdminLoginServlet.java</file>
            <file>file:/Users/macbookair/Documents/Food/src/java/com/example/SignupServlet/SignupServlet.java</file>
            <file>file:/Users/macbookair/Documents/Food/src/java/Product.java</file>
            <file>file:/Users/macbookair/Documents/Food/web/searchResults.jsp</file>
            <file>file:/Users/macbookair/Documents/Food/web/index.jsp</file>
            <file>file:/Users/macbookair/Documents/Food/web/signin.jsp</file>
            <file>file:/Users/macbookair/Documents/Food/src/java/CheckoutServlet.java</file>
            <file>file:/Users/macbookair/Documents/Food/web/user-dashboard.jsp</file>
            <file>file:/Users/macbookair/Documents/Food/web/checkout.jsp</file>
            <file>file:/Users/macbookair/Documents/Food/src/java/com/example/SignInServlet/SignInServlet.java</file>
            <file>file:/Users/macbookair/Documents/Food/web/viewPurhcaseHistory.jsp</file>
            <file>file:/Users/macbookair/Documents/Food/src/java/AddToCartServlet.java</file>
        </group>
    </open-files>
</project-private>
